{
  "features": [
    {
      "geometry": {
        "coordinates": [
          [
            [
              255.0, 
              243.0
            ], 
            [
              250.0, 
              247.0
            ], 
            [
              248.0, 
              251.0
            ], 
            [
              249.0, 
              255.0
            ], 
            [
              255.0, 
              255.0
            ], 
            [
              255.0, 
              243.0
            ]
          ]
        ], 
        "type": "Polygon"
      }, 
      "properties": {
        "category": "building"
      }, 
      "type": "Feature"
    }, 
    {
      "geometry": {
        "coordinates": [
          [
            [
              0.0, 
              0.0
            ], 
            [
              0.0, 
              255.0
            ], 
            [
              168.0, 
              255.0
            ], 
            [
              175.0, 
              250.0
            ], 
            [
              177.0, 
              250.0
            ], 
            [
              179.0, 
              248.0
            ], 
            [
              184.0, 
              246.0
            ], 
            [
              195.0, 
              237.0
            ], 
            [
              198.0, 
              236.0
            ], 
            [
              204.0, 
              230.0
            ], 
            [
              205.0, 
              230.0
            ], 
            [
              212.0, 
              222.0
            ], 
            [
              214.0, 
              222.0
            ], 
            [
              215.0, 
              220.0
            ], 
            [
              217.0, 
              219.0
            ], 
            [
              214.0, 
              213.0
            ], 
            [
              213.0, 
              207.0
            ], 
            [
              217.0, 
              202.0
            ], 
            [
              217.0, 
              200.0
            ], 
            [
              213.0, 
              196.0
            ], 
            [
              213.0, 
              195.0
            ], 
            [
              206.0, 
              187.0
            ], 
            [
              206.0, 
              186.0
            ], 
            [
              203.0, 
              183.0
            ], 
            [
              202.0, 
              183.0
            ], 
            [
              201.0, 
              181.0
            ], 
            [
              195.0, 
              175.0
            ], 
            [
              193.0, 
              174.0
            ], 
            [
              193.0, 
              173.0
            ], 
            [
              190.0, 
              170.0
            ], 
            [
              190.0, 
              169.0
            ], 
            [
              185.0, 
              164.0
            ], 
            [
              185.0, 
              163.0
            ], 
            [
              181.0, 
              158.0
            ], 
            [
              181.0, 
              156.0
            ], 
            [
              178.0, 
              153.0
            ], 
            [
              177.0, 
              153.0
            ], 
            [
              173.0, 
              148.0
            ], 
            [
              169.0, 
              146.0
            ], 
            [
              165.0, 
              142.0
            ], 
            [
              162.0, 
              141.0
            ], 
            [
              159.0, 
              138.0
            ], 
            [
              159.0, 
              137.0
            ], 
            [
              157.0, 
              137.0
            ], 
            [
              155.0, 
              135.0
            ], 
            [
              151.0, 
              133.0
            ], 
            [
              150.0, 
              131.0
            ], 
            [
              146.0, 
              127.0
            ], 
            [
              146.0, 
              126.0
            ], 
            [
              142.0, 
              122.0
            ], 
            [
              142.0, 
              121.0
            ], 
            [
              77.0, 
              56.0
            ], 
            [
              77.0, 
              55.0
            ], 
            [
              69.0, 
              47.0
            ], 
            [
              69.0, 
              46.0
            ], 
            [
              68.0, 
              46.0
            ], 
            [
              60.0, 
              38.0
            ], 
            [
              59.0, 
              38.0
            ], 
            [
              49.0, 
              29.0
            ], 
            [
              48.0, 
              29.0
            ], 
            [
              40.0, 
              21.0
            ], 
            [
              39.0, 
              21.0
            ], 
            [
              33.0, 
              15.0
            ], 
            [
              32.0, 
              15.0
            ], 
            [
              29.0, 
              11.0
            ], 
            [
              25.0, 
              9.0
            ], 
            [
              22.0, 
              6.0
            ], 
            [
              22.0, 
              5.0
            ], 
            [
              18.0, 
              0.0
            ], 
            [
              0.0, 
              0.0
            ]
          ]
        ], 
        "type": "Polygon"
      }, 
      "properties": {
        "category": "building"
      }, 
      "type": "Feature"
    }
  ], 
  "type": "FeatureCollection"
}