{
  "features": [
    {
      "geometry": {
        "coordinates": [
          [
            [
              193.0, 
              6.0
            ], 
            [
              190.0, 
              8.0
            ], 
            [
              188.0, 
              8.0
            ], 
            [
              182.0, 
              11.0
            ], 
            [
              180.0, 
              13.0
            ], 
            [
              176.0, 
              15.0
            ], 
            [
              174.0, 
              17.0
            ], 
            [
              174.0, 
              20.0
            ], 
            [
              173.0, 
              21.0
            ], 
            [
              172.0, 
              21.0
            ], 
            [
              167.0, 
              16.0
            ], 
            [
              165.0, 
              16.0
            ], 
            [
              155.0, 
              23.0
            ], 
            [
              150.0, 
              25.0
            ], 
            [
              147.0, 
              28.0
            ], 
            [
              147.0, 
              30.0
            ], 
            [
              149.0, 
              34.0
            ], 
            [
              153.0, 
              38.0
            ], 
            [
              155.0, 
              39.0
            ], 
            [
              165.0, 
              38.0
            ], 
            [
              171.0, 
              42.0
            ], 
            [
              176.0, 
              43.0
            ], 
            [
              177.0, 
              42.0
            ], 
            [
              178.0, 
              34.0
            ], 
            [
              176.0, 
              31.0
            ], 
            [
              175.0, 
              26.0
            ], 
            [
              177.0, 
              24.0
            ], 
            [
              184.0, 
              21.0
            ], 
            [
              186.0, 
              19.0
            ], 
            [
              190.0, 
              17.0
            ], 
            [
              194.0, 
              13.0
            ], 
            [
              195.0, 
              11.0
            ], 
            [
              195.0, 
              7.0
            ], 
            [
              193.0, 
              6.0
            ]
          ]
        ], 
        "type": "Polygon"
      }, 
      "properties": {
        "category": "building"
      }, 
      "type": "Feature"
    }, 
    {
      "geometry": {
        "coordinates": [
          [
            [
              109.0, 
              0.0
            ], 
            [
              118.0, 
              11.0
            ], 
            [
              120.0, 
              15.0
            ], 
            [
              124.0, 
              19.0
            ], 
            [
              126.0, 
              20.0
            ], 
            [
              127.0, 
              20.0
            ], 
            [
              135.0, 
              14.0
            ], 
            [
              145.0, 
              9.0
            ], 
            [
              150.0, 
              2.0
            ], 
            [
              150.0, 
              0.0
            ], 
            [
              109.0, 
              0.0
            ]
          ]
        ], 
        "type": "Polygon"
      }, 
      "properties": {
        "category": "building"
      }, 
      "type": "Feature"
    }, 
    {
      "geometry": {
        "coordinates": [
          [
            [
              23.0, 
              226.0
            ], 
            [
              21.0, 
              227.0
            ], 
            [
              17.0, 
              231.0
            ], 
            [
              10.0, 
              234.0
            ], 
            [
              7.0, 
              237.0
            ], 
            [
              6.0, 
              237.0
            ], 
            [
              5.0, 
              239.0
            ], 
            [
              3.0, 
              240.0
            ], 
            [
              3.0, 
              241.0
            ], 
            [
              1.0, 
              243.0
            ], 
            [
              0.0, 
              243.0
            ], 
            [
              0.0, 
              255.0
            ], 
            [
              48.0, 
              255.0
            ], 
            [
              46.0, 
              254.0
            ], 
            [
              41.0, 
              245.0
            ], 
            [
              33.0, 
              236.0
            ], 
            [
              33.0, 
              235.0
            ], 
            [
              31.0, 
              234.0
            ], 
            [
              27.0, 
              230.0
            ], 
            [
              27.0, 
              229.0
            ], 
            [
              25.0, 
              228.0
            ], 
            [
              24.0, 
              226.0
            ], 
            [
              23.0, 
              226.0
            ]
          ]
        ], 
        "type": "Polygon"
      }, 
      "properties": {
        "category": "building"
      }, 
      "type": "Feature"
    }, 
    {
      "geometry": {
        "coordinates": [
          [
            [
              48.0, 
              87.0
            ], 
            [
              44.0, 
              89.0
            ], 
            [
              36.0, 
              95.0
            ], 
            [
              36.0, 
              98.0
            ], 
            [
              38.0, 
              101.0
            ], 
            [
              40.0, 
              101.0
            ], 
            [
              46.0, 
              98.0
            ], 
            [
              48.0, 
              96.0
            ], 
            [
              51.0, 
              95.0
            ], 
            [
              51.0, 
              91.0
            ], 
            [
              48.0, 
              87.0
            ]
          ]
        ], 
        "type": "Polygon"
      }, 
      "properties": {
        "category": "building"
      }, 
      "type": "Feature"
    }, 
    {
      "geometry": {
        "coordinates": [
          [
            [
              134.0, 
              31.0
            ], 
            [
              129.0, 
              36.0
            ], 
            [
              128.0, 
              36.0
            ], 
            [
              127.0, 
              38.0
            ], 
            [
              120.0, 
              45.0
            ], 
            [
              118.0, 
              46.0
            ], 
            [
              118.0, 
              47.0
            ], 
            [
              113.0, 
              52.0
            ], 
            [
              111.0, 
              56.0
            ], 
            [
              109.0, 
              57.0
            ], 
            [
              108.0, 
              56.0
            ], 
            [
              108.0, 
              58.0
            ], 
            [
              107.0, 
              59.0
            ], 
            [
              106.0, 
              58.0
            ], 
            [
              103.0, 
              58.0
            ], 
            [
              102.0, 
              57.0
            ], 
            [
              101.0, 
              59.0
            ], 
            [
              102.0, 
              60.0
            ], 
            [
              103.0, 
              59.0
            ], 
            [
              106.0, 
              59.0
            ], 
            [
              110.0, 
              62.0
            ], 
            [
              111.0, 
              61.0
            ], 
            [
              112.0, 
              62.0
            ], 
            [
              113.0, 
              61.0
            ], 
            [
              115.0, 
              61.0
            ], 
            [
              114.0, 
              60.0
            ], 
            [
              116.0, 
              58.0
            ], 
            [
              116.0, 
              55.0
            ], 
            [
              117.0, 
              54.0
            ], 
            [
              121.0, 
              52.0
            ], 
            [
              124.0, 
              52.0
            ], 
            [
              124.0, 
              51.0
            ], 
            [
              127.0, 
              48.0
            ], 
            [
              128.0, 
              48.0
            ], 
            [
              128.0, 
              47.0
            ], 
            [
              132.0, 
              43.0
            ], 
            [
              133.0, 
              43.0
            ], 
            [
              138.0, 
              38.0
            ], 
            [
              139.0, 
              39.0
            ], 
            [
              139.0, 
              35.0
            ], 
            [
              138.0, 
              33.0
            ], 
            [
              136.0, 
              31.0
            ], 
            [
              134.0, 
              31.0
            ]
          ]
        ], 
        "type": "Polygon"
      }, 
      "properties": {
        "category": "building"
      }, 
      "type": "Feature"
    }, 
    {
      "geometry": {
        "coordinates": [
          [
            [
              0.0, 
              0.0
            ], 
            [
              0.0, 
              21.0
            ], 
            [
              2.0, 
              23.0
            ], 
            [
              3.0, 
              27.0
            ], 
            [
              7.0, 
              32.0
            ], 
            [
              7.0, 
              33.0
            ], 
            [
              5.0, 
              34.0
            ], 
            [
              0.0, 
              30.0
            ], 
            [
              0.0, 
              46.0
            ], 
            [
              1.0, 
              48.0
            ], 
            [
              5.0, 
              52.0
            ], 
            [
              6.0, 
              52.0
            ], 
            [
              10.0, 
              55.0
            ], 
            [
              10.0, 
              62.0
            ], 
            [
              12.0, 
              66.0
            ], 
            [
              19.0, 
              74.0
            ], 
            [
              19.0, 
              75.0
            ], 
            [
              23.0, 
              80.0
            ], 
            [
              25.0, 
              85.0
            ], 
            [
              27.0, 
              86.0
            ], 
            [
              29.0, 
              86.0
            ], 
            [
              34.0, 
              82.0
            ], 
            [
              37.0, 
              81.0
            ], 
            [
              37.0, 
              79.0
            ], 
            [
              36.0, 
              78.0
            ], 
            [
              37.0, 
              76.0
            ], 
            [
              35.0, 
              74.0
            ], 
            [
              35.0, 
              70.0
            ], 
            [
              36.0, 
              69.0
            ], 
            [
              39.0, 
              69.0
            ], 
            [
              42.0, 
              67.0
            ], 
            [
              46.0, 
              68.0
            ], 
            [
              50.0, 
              71.0
            ], 
            [
              55.0, 
              73.0
            ], 
            [
              57.0, 
              75.0
            ], 
            [
              57.0, 
              77.0
            ], 
            [
              60.0, 
              81.0
            ], 
            [
              60.0, 
              82.0
            ], 
            [
              64.0, 
              85.0
            ], 
            [
              68.0, 
              85.0
            ], 
            [
              72.0, 
              83.0
            ], 
            [
              79.0, 
              76.0
            ], 
            [
              80.0, 
              74.0
            ], 
            [
              82.0, 
              74.0
            ], 
            [
              84.0, 
              72.0
            ], 
            [
              86.0, 
              72.0
            ], 
            [
              87.0, 
              70.0
            ], 
            [
              90.0, 
              70.0
            ], 
            [
              92.0, 
              68.0
            ], 
            [
              93.0, 
              68.0
            ], 
            [
              95.0, 
              64.0
            ], 
            [
              98.0, 
              61.0
            ], 
            [
              96.0, 
              60.0
            ], 
            [
              95.0, 
              61.0
            ], 
            [
              92.0, 
              61.0
            ], 
            [
              91.0, 
              62.0
            ], 
            [
              87.0, 
              62.0
            ], 
            [
              86.0, 
              63.0
            ], 
            [
              84.0, 
              62.0
            ], 
            [
              83.0, 
              63.0
            ], 
            [
              82.0, 
              62.0
            ], 
            [
              81.0, 
              63.0
            ], 
            [
              80.0, 
              62.0
            ], 
            [
              80.0, 
              59.0
            ], 
            [
              79.0, 
              58.0
            ], 
            [
              79.0, 
              55.0
            ], 
            [
              80.0, 
              53.0
            ], 
            [
              77.0, 
              47.0
            ], 
            [
              74.0, 
              44.0
            ], 
            [
              72.0, 
              39.0
            ], 
            [
              70.0, 
              37.0
            ], 
            [
              69.0, 
              35.0
            ], 
            [
              70.0, 
              33.0
            ], 
            [
              71.0, 
              33.0
            ], 
            [
              76.0, 
              38.0
            ], 
            [
              78.0, 
              42.0
            ], 
            [
              79.0, 
              42.0
            ], 
            [
              81.0, 
              44.0
            ], 
            [
              86.0, 
              53.0
            ], 
            [
              88.0, 
              54.0
            ], 
            [
              92.0, 
              52.0
            ], 
            [
              94.0, 
              50.0
            ], 
            [
              97.0, 
              49.0
            ], 
            [
              103.0, 
              44.0
            ], 
            [
              106.0, 
              43.0
            ], 
            [
              109.0, 
              40.0
            ], 
            [
              113.0, 
              38.0
            ], 
            [
              116.0, 
              35.0
            ], 
            [
              117.0, 
              35.0
            ], 
            [
              125.0, 
              29.0
            ], 
            [
              123.0, 
              25.0
            ], 
            [
              117.0, 
              17.0
            ], 
            [
              117.0, 
              16.0
            ], 
            [
              114.0, 
              13.0
            ], 
            [
              114.0, 
              12.0
            ], 
            [
              111.0, 
              9.0
            ], 
            [
              108.0, 
              3.0
            ], 
            [
              105.0, 
              0.0
            ], 
            [
              0.0, 
              0.0
            ]
          ]
        ], 
        "type": "Polygon"
      }, 
      "properties": {
        "category": "building"
      }, 
      "type": "Feature"
    }, 
    {
      "geometry": {
        "coordinates": [
          [
            [
              142.0, 
              49.0
            ], 
            [
              141.0, 
              50.0
            ], 
            [
              138.0, 
              50.0
            ], 
            [
              128.0, 
              55.0
            ], 
            [
              121.0, 
              63.0
            ], 
            [
              119.0, 
              64.0
            ], 
            [
              117.0, 
              63.0
            ], 
            [
              117.0, 
              71.0
            ], 
            [
              111.0, 
              77.0
            ], 
            [
              105.0, 
              80.0
            ], 
            [
              102.0, 
              83.0
            ], 
            [
              101.0, 
              83.0
            ], 
            [
              98.0, 
              86.0
            ], 
            [
              97.0, 
              86.0
            ], 
            [
              94.0, 
              89.0
            ], 
            [
              93.0, 
              89.0
            ], 
            [
              90.0, 
              92.0
            ], 
            [
              89.0, 
              92.0
            ], 
            [
              86.0, 
              95.0
            ], 
            [
              85.0, 
              95.0
            ], 
            [
              83.0, 
              97.0
            ], 
            [
              83.0, 
              99.0
            ], 
            [
              92.0, 
              111.0
            ], 
            [
              94.0, 
              116.0
            ], 
            [
              100.0, 
              123.0
            ], 
            [
              102.0, 
              127.0
            ], 
            [
              105.0, 
              130.0
            ], 
            [
              107.0, 
              134.0
            ], 
            [
              110.0, 
              137.0
            ], 
            [
              110.0, 
              138.0
            ], 
            [
              113.0, 
              141.0
            ], 
            [
              115.0, 
              145.0
            ], 
            [
              118.0, 
              148.0
            ], 
            [
              118.0, 
              149.0
            ], 
            [
              121.0, 
              152.0
            ], 
            [
              121.0, 
              153.0
            ], 
            [
              125.0, 
              157.0
            ], 
            [
              125.0, 
              158.0
            ], 
            [
              127.0, 
              158.0
            ], 
            [
              129.0, 
              156.0
            ], 
            [
              131.0, 
              156.0
            ], 
            [
              139.0, 
              149.0
            ], 
            [
              148.0, 
              144.0
            ], 
            [
              153.0, 
              148.0
            ], 
            [
              153.0, 
              153.0
            ], 
            [
              147.0, 
              159.0
            ], 
            [
              145.0, 
              160.0
            ], 
            [
              144.0, 
              159.0
            ], 
            [
              139.0, 
              163.0
            ], 
            [
              132.0, 
              166.0
            ], 
            [
              132.0, 
              167.0
            ], 
            [
              162.0, 
              207.0
            ], 
            [
              163.0, 
              210.0
            ], 
            [
              165.0, 
              212.0
            ], 
            [
              166.0, 
              215.0
            ], 
            [
              168.0, 
              217.0
            ], 
            [
              169.0, 
              220.0
            ], 
            [
              174.0, 
              227.0
            ], 
            [
              174.0, 
              229.0
            ], 
            [
              176.0, 
              233.0
            ], 
            [
              176.0, 
              237.0
            ], 
            [
              177.0, 
              238.0
            ], 
            [
              178.0, 
              242.0
            ], 
            [
              190.0, 
              255.0
            ], 
            [
              255.0, 
              255.0
            ], 
            [
              255.0, 
              110.0
            ], 
            [
              253.0, 
              111.0
            ], 
            [
              243.0, 
              120.0
            ], 
            [
              242.0, 
              120.0
            ], 
            [
              240.0, 
              122.0
            ], 
            [
              237.0, 
              122.0
            ], 
            [
              234.0, 
              119.0
            ], 
            [
              234.0, 
              114.0
            ], 
            [
              235.0, 
              113.0
            ], 
            [
              235.0, 
              110.0
            ], 
            [
              237.0, 
              107.0
            ], 
            [
              237.0, 
              105.0
            ], 
            [
              240.0, 
              103.0
            ], 
            [
              238.0, 
              102.0
            ], 
            [
              240.0, 
              101.0
            ], 
            [
              240.0, 
              100.0
            ], 
            [
              238.0, 
              98.0
            ], 
            [
              237.0, 
              94.0
            ], 
            [
              231.0, 
              90.0
            ], 
            [
              229.0, 
              90.0
            ], 
            [
              228.0, 
              89.0
            ], 
            [
              222.0, 
              89.0
            ], 
            [
              221.0, 
              88.0
            ], 
            [
              215.0, 
              87.0
            ], 
            [
              214.0, 
              86.0
            ], 
            [
              213.0, 
              87.0
            ], 
            [
              210.0, 
              87.0
            ], 
            [
              208.0, 
              89.0
            ], 
            [
              208.0, 
              91.0
            ], 
            [
              206.0, 
              94.0
            ], 
            [
              206.0, 
              96.0
            ], 
            [
              203.0, 
              99.0
            ], 
            [
              201.0, 
              99.0
            ], 
            [
              197.0, 
              101.0
            ], 
            [
              196.0, 
              100.0
            ], 
            [
              196.0, 
              87.0
            ], 
            [
              195.0, 
              86.0
            ], 
            [
              195.0, 
              82.0
            ], 
            [
              192.0, 
              78.0
            ], 
            [
              189.0, 
              78.0
            ], 
            [
              188.0, 
              77.0
            ], 
            [
              186.0, 
              77.0
            ], 
            [
              185.0, 
              78.0
            ], 
            [
              184.0, 
              77.0
            ], 
            [
              183.0, 
              78.0
            ], 
            [
              182.0, 
              77.0
            ], 
            [
              179.0, 
              77.0
            ], 
            [
              175.0, 
              73.0
            ], 
            [
              172.0, 
              73.0
            ], 
            [
              168.0, 
              69.0
            ], 
            [
              167.0, 
              69.0
            ], 
            [
              162.0, 
              62.0
            ], 
            [
              158.0, 
              62.0
            ], 
            [
              156.0, 
              64.0
            ], 
            [
              156.0, 
              65.0
            ], 
            [
              160.0, 
              70.0
            ], 
            [
              160.0, 
              71.0
            ], 
            [
              163.0, 
              74.0
            ], 
            [
              163.0, 
              76.0
            ], 
            [
              166.0, 
              80.0
            ], 
            [
              166.0, 
              82.0
            ], 
            [
              164.0, 
              83.0
            ], 
            [
              159.0, 
              79.0
            ], 
            [
              159.0, 
              78.0
            ], 
            [
              156.0, 
              75.0
            ], 
            [
              156.0, 
              74.0
            ], 
            [
              150.0, 
              67.0
            ], 
            [
              150.0, 
              66.0
            ], 
            [
              145.0, 
              62.0
            ], 
            [
              145.0, 
              60.0
            ], 
            [
              143.0, 
              57.0
            ], 
            [
              143.0, 
              55.0
            ], 
            [
              144.0, 
              54.0
            ], 
            [
              144.0, 
              50.0
            ], 
            [
              142.0, 
              49.0
            ]
          ]
        ], 
        "type": "Polygon"
      }, 
      "properties": {
        "category": "building"
      }, 
      "type": "Feature"
    }
  ], 
  "type": "FeatureCollection"
}