{
  "features": [
    {
      "geometry": {
        "coordinates": [
          [
            [
              0.0, 
              238.0
            ], 
            [
              0.0, 
              255.0
            ], 
            [
              16.0, 
              255.0
            ], 
            [
              16.0, 
              253.0
            ], 
            [
              13.0, 
              250.0
            ], 
            [
              13.0, 
              249.0
            ], 
            [
              12.0, 
              249.0
            ], 
            [
              7.0, 
              243.0
            ], 
            [
              6.0, 
              243.0
            ], 
            [
              1.0, 
              238.0
            ], 
            [
              0.0, 
              238.0
            ]
          ]
        ], 
        "type": "Polygon"
      }, 
      "properties": {
        "category": "building"
      }, 
      "type": "Feature"
    }
  ], 
  "type": "FeatureCollection"
}